driverId,firstRace,lastRace,numchamps
1,2007-03-18,2018-09-16,5
2,2000-03-12,2011-07-31,0
3,2006-03-12,2016-11-27,1
4,2001-03-04,2018-09-16,2
5,2007-03-18,2013-11-24,0
6,2007-10-21,2009-11-01,0
7,2008-03-16,2009-07-12,0
8,2001-03-04,2018-09-16,1
9,2006-08-06,2010-11-14,0
10,2004-06-13,2012-11-25,0
11,2002-03-03,2008-04-27,0
12,2008-03-16,2009-07-26,0
13,2002-03-03,2017-11-26,0
14,1994-05-29,2008-11-02,0
15,1997-03-09,2011-11-27,0
16,2007-03-18,2014-11-23,0
17,2002-03-03,2013-11-24,0
18,2000-03-12,2017-05-28,1
19,2002-08-18,2008-04-27,0
20,2007-06-17,2018-09-16,4
21,1996-03-10,2009-11-01,0
22,1993-03-14,2011-11-27,0
23,1997-03-09,2007-10-21,0
24,2005-04-24,2011-11-27,0
25,1997-06-15,2007-10-07,0
26,2006-03-12,2007-07-22,0
27,2005-03-06,2007-07-08,0
28,2007-07-22,2007-07-22,0
29,2006-07-30,2010-10-24,0
30,1991-08-25,2012-11-25,7
31,2001-03-04,2006-07-02,0
32,2004-03-07,2010-11-14,0
33,2005-03-06,2006-10-22,0
34,2006-03-12,2006-04-23,0
35,1996-03-10,2006-07-30,1
36,2006-05-07,2006-07-16,0
37,1999-03-07,2012-11-25,0
38,2005-07-24,2006-10-22,0
39,2005-03-06,2012-11-25,0
40,2005-03-06,2005-07-10,0
41,1999-03-07,2005-06-19,0
42,2003-03-09,2005-10-16,0
43,2003-03-09,2004-07-25,0
44,1994-03-27,2004-10-10,0
45,2004-03-07,2004-09-12,0
46,2004-03-07,2004-10-24,0
47,2003-08-24,2004-10-24,0
48,1999-03-07,2004-07-11,0
49,1994-03-27,2003-10-12,0
50,1994-03-27,2003-10-12,0
51,2003-03-09,2003-10-12,0
52,2003-03-09,2003-10-12,0
53,2003-08-03,2003-10-12,0
54,2000-07-16,2001-09-02,0
55,1989-07-09,2001-10-14,0
56,1993-10-24,2002-10-13,0
57,1991-03-10,2001-10-14,2
58,1996-03-31,2001-09-02,0
59,2001-03-04,2002-07-28,0
60,2000-03-12,2001-04-15,0
61,2001-09-16,2001-10-14,0
62,2001-09-16,2002-10-13,0
63,1994-11-06,2002-10-13,0
64,1995-03-26,2000-10-22,0
65,1989-03-26,2000-10-22,0
66,2002-03-03,2002-10-13,0
67,2009-03-29,2011-11-27,0
68,1998-03-08,1999-10-31,0
69,1993-03-14,2009-08-30,0
70,1991-09-29,1999-10-31,0
71,1992-05-03,1999-10-31,1
72,1999-04-11,1999-04-11,0
73,1996-03-10,1998-11-01,0
74,1998-03-08,1998-11-01,0
75,1997-03-09,1998-11-01,0
76,1995-10-22,1998-06-07,0
77,1984-08-19,1997-10-26,0
78,1987-09-06,1997-05-11,0
79,1992-03-01,1997-10-26,0
80,1997-03-09,1997-03-09,0
81,1990-03-11,1997-10-12,0
82,1997-06-29,1997-10-26,0
83,1993-09-12,1996-10-13,0
84,1984-03-25,1996-10-13,0
85,1994-05-29,1996-07-14,0
86,1995-07-30,1996-10-13,0
87,1991-03-10,1995-11-12,0
88,1988-10-30,1995-10-29,0
89,1994-11-06,1995-11-12,0
90,1982-07-03,1995-11-12,0
91,1991-10-20,1995-11-12,0
92,1989-03-26,1995-11-12,0
93,1994-10-16,1995-05-28,0
94,1984-09-09,1995-07-30,0
95,1980-08-17,1995-05-14,1
96,1995-05-28,1995-10-22,0
97,1995-07-16,1995-10-01,0
98,1994-11-13,1995-10-01,0
99,1987-05-03,1995-10-01,0
100,1991-03-10,1994-11-06,0
101,1990-05-13,1994-11-13,0
102,1984-03-25,1994-05-01,3
103,1989-07-09,1994-10-16,0
104,1992-03-01,1994-11-13,0
105,1981-05-03,1994-11-13,0
106,1994-03-27,1994-08-14,0
107,1994-03-27,1994-05-01,0
108,1992-03-01,1994-11-13,0
109,1989-09-24,1994-11-13,0
110,1980-09-28,1994-10-16,0
111,1993-10-24,1994-09-25,0
112,1984-03-25,1994-08-28,0
113,1994-08-28,1994-09-25,0
114,1987-10-18,1994-09-25,0
115,1994-10-16,1994-11-13,0
116,1994-11-06,1994-11-13,0
117,1980-01-13,1993-11-07,4
118,1981-05-03,1993-11-07,0
119,1977-05-22,1993-11-07,0
120,1991-04-28,1993-07-04,0
121,1993-03-14,1993-09-12,0
122,1985-10-06,1993-03-28,0
123,1983-05-22,1993-08-29,0
124,1993-09-12,1993-09-12,0
125,1992-08-30,1993-09-26,0
126,1993-10-24,1993-11-07,0
127,1988-04-03,1992-11-08,0
128,1991-03-10,1992-09-13,0
129,1989-03-26,1992-11-08,0
130,1992-03-01,1992-07-26,0
131,1987-11-15,1992-11-08,0
132,1992-03-01,1992-04-05,0
133,1986-09-07,1991-11-03,0
134,1989-08-27,1989-11-05,0
135,1992-05-03,1992-08-30,0
136,1979-01-21,1992-11-08,0
137,1978-07-30,1991-11-03,3
138,1987-04-12,1991-11-03,0
139,1989-07-09,1991-11-03,0
140,1980-01-13,1991-07-14,0
141,1988-04-03,1991-05-12,0
142,1991-03-10,1991-09-22,0
143,1991-07-28,1991-09-29,0
144,1991-10-20,1991-11-03,0
145,1986-03-23,1990-09-30,0
146,1988-04-03,1990-09-30,0
147,1989-10-22,1990-09-30,0
148,1989-03-26,1990-08-12,0
149,1990-03-11,1990-09-30,0
150,1990-03-11,1990-03-25,0
151,1989-07-09,1990-09-30,0
152,1977-09-11,1990-09-30,0
153,2009-07-26,2011-11-27,0
154,2009-08-23,2018-09-16,0
155,2009-10-18,2014-11-23,0
156,1983-09-25,1989-11-05,0
157,1985-09-15,1989-09-24,0
158,1978-01-15,1989-11-05,0
159,1988-04-03,1989-11-05,0
160,1981-05-17,1989-11-05,0
161,1989-03-26,1989-08-13,0
162,1988-11-13,1989-11-05,0
163,1978-03-04,1989-11-05,0
164,1989-03-26,1989-07-09,0
165,1988-04-03,1989-11-05,0
166,1984-10-21,1988-11-13,0
167,1987-04-12,1988-06-12,0
168,1983-04-17,1988-09-11,0
169,1987-04-12,1987-09-27,0
170,1982-01-23,1987-11-15,0
171,1987-09-06,1987-09-20,0
172,1974-08-04,1986-07-13,0
173,1979-01-21,1986-05-11,0
174,1986-03-23,1986-10-26,0
175,1977-07-03,1986-10-26,0
176,1979-09-09,1986-05-25,0
177,1978-03-04,1986-10-26,1
178,1975-04-27,1986-10-26,1
179,1984-06-17,1986-10-26,0
180,1986-06-22,1986-10-26,0
181,1980-09-14,1985-08-04,0
182,1971-08-15,1985-11-03,2
183,1984-03-25,1985-08-04,0
184,1982-01-23,1985-05-05,0
185,1984-03-25,1985-08-25,0
186,1983-07-16,1985-09-08,0
187,1973-07-14,1985-10-06,0
188,1983-03-13,1984-07-22,0
189,1984-05-06,1984-10-21,0
190,1983-03-13,1984-07-22,0
191,1980-08-31,1984-08-05,0
192,1981-03-15,1983-05-15,0
193,1983-03-13,1983-10-15,0
194,1981-03-15,1983-05-22,0
195,1982-01-23,1983-09-25,0
196,1982-01-23,1983-10-15,0
197,1971-09-05,1983-10-15,0
198,1981-09-27,1983-06-12,0
199,1972-01-23,1982-03-21,0
200,1973-07-14,1982-07-25,0
201,1981-05-03,1982-04-04,0
202,1978-01-15,1982-08-08,0
203,1977-07-16,1982-05-09,0
204,1982-01-23,1982-06-13,0
205,1975-07-19,1982-09-25,0
206,1978-04-02,1982-09-25,0
207,1968-10-06,1982-09-25,1
208,1976-05-02,1982-07-03,0
209,1978-07-16,1982-07-25,0
210,1982-08-08,1982-09-25,0
211,1977-05-08,1982-09-25,0
212,1977-06-05,1981-10-17,0
213,1978-10-01,1981-10-17,0
214,1980-09-28,1981-03-15,0
215,1981-03-15,1981-05-03,0
216,1981-03-15,1981-09-13,0
217,1979-09-30,1981-04-12,0
218,1981-03-29,1981-03-29,0
219,1974-07-07,1981-06-21,0
220,1977-09-11,1981-06-21,0
221,1972-07-02,1980-07-13,0
222,1972-10-08,1980-10-05,1
223,1970-06-21,1980-03-30,0
224,1970-07-18,1980-10-05,0
225,1980-01-13,1980-06-29,0
226,1980-03-30,1980-03-30,0
227,1980-05-04,1980-05-18,0
228,1980-07-13,1980-07-13,0
229,1975-08-03,1980-08-10,0
230,1974-03-30,1980-09-14,0
231,1973-06-03,1979-05-27,0
232,1972-07-15,1979-10-07,0
233,1974-01-13,1979-10-07,0
234,1979-04-29,1979-05-27,0
235,1967-08-06,1979-10-07,0
236,1979-07-01,1979-08-26,0
237,1976-10-10,1979-10-07,0
238,1970-05-10,1978-09-10,0
239,1975-08-17,1978-10-01,0
240,1977-10-02,1978-08-27,0
241,1977-09-11,1978-04-02,0
242,1976-07-18,1978-01-29,0
243,1970-03-07,1978-10-08,0
244,1978-05-21,1978-09-10,0
245,1975-08-03,1978-07-16,0
246,1976-08-15,1978-08-13,0
247,1977-08-28,1978-10-08,0
248,1978-09-10,1978-09-10,0
249,1978-10-01,1978-10-08,0
250,1972-03-04,1977-03-05,0
251,1974-03-30,1977-10-09,0
252,1974-05-12,1977-03-05,0
253,1976-01-25,1977-01-23,0
254,1975-09-07,1977-05-08,0
255,1976-03-06,1977-10-23,0
256,1974-08-04,1977-07-03,0
257,1976-08-29,1977-08-28,0
258,1976-05-16,1977-10-09,0
259,1973-06-03,1977-07-16,0
260,1976-08-29,1977-07-03,0
261,1977-06-05,1977-06-05,0
262,1967-08-06,1977-06-19,0
263,1977-06-19,1977-07-16,0
264,1977-07-16,1977-07-16,0
265,1974-01-13,1977-07-16,0
266,1977-07-16,1977-07-16,0
267,1974-05-12,1977-08-28,0
268,1977-07-31,1977-07-31,0
269,1974-05-12,1977-09-11,0
270,1974-08-04,1977-10-09,0
271,1976-05-02,1977-09-11,0
272,1977-10-23,1977-10-23,0
273,1976-10-24,1977-10-23,0
274,1976-10-24,1977-10-23,0
275,1974-07-20,1976-08-15,0
276,1975-03-01,1976-07-18,0
277,1975-10-05,1976-07-04,0
278,1963-05-26,1976-10-03,0
279,1976-05-02,1976-05-02,0
280,1968-09-22,1976-10-10,0
281,1976-06-13,1976-06-13,0
282,1975-06-08,1976-07-04,0
283,1974-07-20,1976-07-18,0
284,1976-08-01,1976-09-12,0
285,1976-09-12,1976-10-10,0
286,1976-10-10,1976-10-10,0
287,1976-10-24,1976-10-24,0
288,1971-09-19,1975-08-17,0
289,1958-05-18,1975-05-11,0
290,1972-05-01,1975-10-05,0
291,1975-03-01,1975-03-01,0
292,1973-03-03,1975-03-01,0
293,1965-01-01,1975-03-01,0
294,1975-04-27,1975-10-05,0
295,1975-04-27,1975-10-05,0
296,1972-08-13,1975-07-06,0
297,1975-05-11,1975-06-08,0
298,1971-06-20,1975-08-03,0
299,1975-06-22,1975-07-19,0
300,1974-07-20,1975-07-19,0
301,1975-07-19,1975-07-19,0
302,1975-07-19,1975-09-07,0
303,1975-08-17,1975-08-17,0
304,1965-05-30,1974-10-06,0
305,1963-07-20,1974-08-04,0
306,1967-05-07,1974-10-06,0
307,1971-03-06,1974-08-04,0
308,1974-01-13,1974-06-09,0
309,1964-05-10,1974-01-27,0
310,1963-12-28,1974-03-30,0
311,1974-03-30,1974-07-20,0
312,1968-01-01,1974-05-26,0
313,1973-07-01,1974-07-07,0
314,1970-08-16,1974-10-06,0
315,1974-05-12,1974-07-07,0
316,1974-05-12,1974-09-08,0
317,1970-10-04,1974-06-09,0
318,1974-06-09,1974-06-09,0
319,1974-07-07,1974-10-06,0
320,1970-06-21,1974-07-20,0
321,1968-09-08,1974-09-22,0
322,1967-07-15,1974-09-08,0
323,1974-08-18,1974-08-18,0
324,1974-08-18,1974-10-06,0
325,1974-09-08,1974-09-08,0
326,1967-08-27,1974-09-22,0
327,1970-06-21,1973-10-07,0
328,1965-01-01,1973-10-07,0
329,1971-07-17,1973-10-07,0
330,1970-09-06,1973-06-03,0
331,1973-02-11,1973-02-11,0
332,1973-03-03,1973-10-07,0
333,1968-01-01,1973-07-14,0
334,1965-01-01,1973-03-03,0
335,1973-07-14,1973-07-29,0
336,1973-07-14,1973-07-14,0
337,1971-08-15,1972-07-02,0
338,1971-06-20,1972-10-08,0
339,1970-04-19,1972-05-01,0
340,1962-12-29,1972-03-04,0
341,1960-05-29,1972-09-10,0
342,1971-05-23,1972-10-08,0
343,1968-09-22,1972-09-24,0
344,1971-10-03,1972-10-08,0
345,1963-10-06,1971-07-04,0
346,1962-06-03,1971-10-03,0
347,1956-09-02,1971-10-03,0
348,1971-07-04,1971-07-04,0
349,1971-07-04,1971-07-04,0
350,1968-07-07,1971-08-01,0
351,1967-07-15,1971-09-05,0
352,1969-10-05,1971-09-19,0
353,1959-05-10,1971-10-03,0
354,1971-09-19,1971-10-03,0
355,1971-10-03,1971-10-03,0
356,1955-07-16,1970-10-25,0
357,1969-07-06,1970-09-06,0
358,1964-08-23,1970-09-06,0
359,1967-05-07,1970-05-10,0
360,1958-08-03,1970-05-10,0
361,1967-01-02,1970-06-21,0
362,1963-12-28,1970-03-07,0
363,1970-06-07,1970-09-06,0
364,1959-07-05,1970-07-18,0
365,1967-08-06,1970-08-02,0
366,1970-10-04,1970-10-04,0
367,1970-10-04,1970-10-04,0
368,1962-12-29,1969-03-01,0
369,1968-01-01,1969-03-01,0
370,1964-07-11,1969-05-18,0
371,1967-08-27,1969-09-20,0
372,1969-09-20,1969-09-20,0
373,1960-06-06,1968-01-01,0
374,1963-09-08,1968-01-01,0
375,1963-06-09,1968-05-26,0
376,1959-05-10,1968-11-03,0
377,1967-08-06,1968-07-07,0
378,1968-07-20,1968-07-20,0
379,1967-08-06,1968-08-04,0
380,1964-07-11,1968-09-08,0
381,1968-10-06,1968-10-06,0
382,1963-10-27,1968-11-03,0
383,1963-07-20,1967-07-15,0
384,1967-01-02,1967-01-02,0
385,1961-06-18,1967-05-07,0
386,1960-05-29,1967-05-07,0
387,1959-07-18,1967-06-18,0
388,1966-07-16,1967-10-22,0
389,1966-05-22,1967-10-22,0
390,1967-07-15,1967-08-06,0
391,1967-08-06,1967-08-06,0
392,1967-08-27,1967-10-22,0
393,1967-08-27,1967-08-27,0
394,1961-07-02,1967-09-10,0
395,1967-10-22,1967-10-22,0
396,1965-10-03,1966-10-23,0
397,1962-07-08,1966-10-23,0
398,1960-09-04,1966-06-12,0
399,1964-07-11,1966-08-07,0
400,1966-07-16,1966-08-07,0
401,1959-07-18,1966-07-16,0
402,1964-09-06,1966-09-04,0
403,1958-07-06,1966-09-04,0
404,1959-05-31,1966-10-23,0
405,1964-08-02,1966-10-23,0
406,1965-01-01,1965-08-01,0
407,1963-12-28,1965-01-01,0
408,1961-07-15,1965-01-01,0
409,1963-12-28,1965-01-01,0
410,1962-12-29,1965-01-01,0
411,1962-12-29,1965-01-01,0
412,1963-12-28,1965-01-01,0
413,1962-12-29,1965-01-01,0
414,1965-01-01,1965-01-01,0
415,1965-01-01,1965-01-01,0
416,1965-01-01,1965-01-01,0
417,1965-01-01,1965-01-01,0
418,1957-05-19,1965-09-12,0
419,1965-07-10,1965-07-10,0
420,1963-07-20,1965-08-01,0
421,1965-07-10,1965-07-10,0
422,1965-07-10,1965-07-10,0
423,1963-06-23,1965-08-01,0
424,1961-09-10,1965-09-12,0
425,1961-09-10,1965-09-12,0
426,1965-09-12,1965-09-12,0
427,1950-05-21,1964-09-06,0
428,1961-07-02,1964-05-10,0
429,1951-06-17,1964-08-02,0
430,1957-08-04,1964-05-24,0
431,1953-08-02,1964-08-02,0
432,1959-08-23,1964-09-06,0
433,1961-10-08,1964-10-04,0
434,1961-10-08,1964-10-25,0
435,1960-06-19,1963-08-04,0
436,1961-08-06,1963-07-20,0
437,1958-07-19,1963-09-08,0
438,1962-07-21,1963-09-08,0
439,1960-02-07,1963-07-20,0
440,1960-11-20,1963-10-27,0
441,1959-07-18,1963-08-04,0
442,1962-09-16,1963-08-04,0
443,1963-09-08,1963-09-08,0
444,1961-09-10,1963-09-08,0
445,1962-08-05,1963-09-08,0
446,1962-07-08,1963-09-08,0
447,1961-09-10,1963-09-08,0
448,1963-10-06,1963-10-06,0
449,1951-05-30,1963-10-06,0
450,1963-10-06,1963-10-06,0
451,1963-10-27,1963-10-27,0
452,1963-10-27,1963-10-27,0
842,2017-10-01,2018-09-16,0
453,1961-06-18,1962-08-05,0
454,1961-09-10,1962-09-16,0
455,1953-08-02,1962-08-05,0
456,1952-07-19,1962-12-29,0
457,1962-05-20,1962-05-20,0
458,1962-05-20,1962-05-20,0
459,1957-08-04,1962-08-05,0
460,1961-07-15,1962-09-16,0
461,1962-06-17,1962-08-05,0
462,1959-07-05,1962-07-08,0
463,1962-07-21,1962-09-16,0
464,1962-07-21,1962-09-16,0
465,1959-07-18,1962-09-16,0
466,1962-08-05,1962-08-05,0
467,1961-09-10,1962-09-16,0
468,1961-10-08,1962-10-07,0
469,1962-10-07,1962-10-07,0
470,1962-10-07,1962-10-07,0
471,1962-12-29,1962-12-29,0
472,1962-12-29,1962-12-29,0
473,1962-12-29,1962-12-29,0
474,1962-12-29,1962-12-29,0
475,1951-05-27,1961-10-08,0
476,1956-09-02,1961-09-10,0
477,1958-05-18,1961-06-18,0
478,1953-08-02,1961-08-06,0
479,1956-05-13,1961-10-08,0
480,1961-05-14,1961-09-10,0
481,1959-07-18,1961-09-10,0
482,1956-01-22,1961-10-08,0
483,1956-05-13,1961-07-02,0
484,1957-08-04,1961-09-10,0
485,1961-07-02,1961-07-02,0
486,1953-07-18,1961-09-10,0
487,1961-07-15,1961-09-10,0
488,1961-08-06,1961-08-06,0
489,1961-08-06,1961-09-10,0
490,1961-08-06,1961-08-06,0
491,1960-09-04,1961-09-10,0
492,1961-09-10,1961-09-10,0
493,1961-10-08,1961-10-08,0
494,1960-05-30,1961-10-08,0
495,1961-10-08,1961-10-08,0
496,1953-01-18,1960-02-07,0
497,1960-02-07,1960-02-07,0
498,1950-05-21,1960-02-07,0
499,1960-02-07,1960-02-07,0
500,1960-02-07,1960-09-04,0
501,1950-05-21,1960-02-07,0
502,1958-07-19,1960-06-19,0
503,1960-02-07,1960-02-07,0
504,1960-02-07,1960-02-07,0
505,1959-07-18,1960-06-19,0
506,1956-07-14,1960-07-03,0
507,1960-05-29,1960-11-20,0
508,1960-05-29,1960-07-16,0
509,1950-05-30,1960-05-30,0
510,1958-05-30,1960-05-30,0
511,1959-05-30,1960-05-30,0
512,1953-05-30,1960-05-30,0
513,1952-05-30,1960-05-30,0
514,1956-05-30,1960-05-30,0
515,1960-05-30,1960-05-30,0
516,1956-05-30,1960-05-30,0
517,1959-05-30,1960-05-30,0
518,1950-05-30,1960-05-30,0
519,1954-05-31,1960-05-30,0
520,1950-05-30,1960-05-30,0
521,1951-05-30,1960-05-30,0
522,1959-05-30,1960-05-30,0
523,1955-05-30,1960-05-30,0
524,1960-05-30,1960-05-30,0
525,1952-05-30,1960-05-30,0
526,1950-05-30,1960-05-30,0
527,1957-05-30,1960-05-30,0
528,1953-05-30,1960-05-30,0
529,1950-05-30,1960-05-30,0
530,1960-05-30,1960-05-30,0
531,1958-05-30,1960-05-30,0
532,1955-05-30,1960-05-30,0
533,1955-05-30,1960-05-30,0
534,1951-05-30,1960-05-30,0
535,1959-05-30,1960-05-30,0
536,1958-05-30,1960-05-30,0
537,1950-05-30,1960-05-30,0
538,1955-05-30,1960-05-30,0
539,1958-05-30,1960-05-30,0
540,1959-07-18,1960-06-19,0
541,1954-07-17,1960-11-20,0
542,1959-07-18,1960-07-16,0
543,1958-05-18,1960-09-04,0
544,1960-09-04,1960-09-04,0
545,1960-09-04,1960-09-04,0
546,1960-09-04,1960-09-04,0
547,1954-07-17,1960-09-04,0
548,1960-11-20,1960-11-20,0
549,1957-05-19,1959-07-18,0
550,1959-05-10,1959-05-10,0
551,1958-05-18,1959-05-10,0
552,1959-05-10,1959-05-10,0
553,1958-05-18,1959-05-10,0
554,1952-05-18,1959-07-05,0
555,1950-05-30,1959-05-30,0
556,1953-05-30,1959-05-30,0
557,1959-05-30,1959-05-30,0
558,1955-05-30,1959-05-30,0
559,1950-05-30,1959-05-30,0
560,1957-05-30,1959-05-30,0
561,1955-05-30,1959-05-30,0
562,1956-05-30,1959-05-30,0
563,1955-05-30,1959-05-30,0
564,1958-05-30,1959-05-30,0
565,1957-05-30,1959-05-30,0
566,1958-07-06,1959-09-13,0
567,1959-07-05,1959-12-12,0
568,1959-07-05,1959-07-05,0
569,1959-07-18,1959-07-18,0
570,1959-07-18,1959-07-18,0
571,1959-07-18,1959-07-18,0
572,1959-12-12,1959-12-12,0
573,1957-01-13,1959-12-12,0
574,1959-12-12,1959-12-12,0
575,1959-12-12,1959-12-12,0
576,1959-12-12,1959-12-12,0
577,1953-09-13,1958-07-06,0
578,1952-06-22,1958-10-19,0
579,1950-05-13,1958-07-06,0
580,1951-10-28,1958-07-06,0
581,1952-05-18,1958-08-03,0
582,1958-05-18,1958-05-18,0
583,1956-01-22,1958-10-19,0
584,1958-05-18,1958-05-18,0
585,1956-07-14,1958-05-18,0
586,1955-09-11,1958-05-18,0
587,1958-05-18,1958-05-18,0
588,1958-05-18,1958-05-18,0
589,1950-05-13,1958-05-18,0
590,1957-05-19,1958-10-19,0
591,1958-05-30,1958-05-30,0
592,1952-05-30,1958-05-30,0
593,1950-05-30,1958-05-30,0
594,1956-05-30,1958-05-30,0
595,1956-05-30,1958-05-30,0
596,1954-05-31,1958-05-30,0
597,1954-05-31,1958-05-30,0
598,1958-05-30,1958-05-30,0
599,1958-05-30,1958-05-30,0
600,1958-08-03,1958-08-03,0
601,1957-08-04,1958-08-03,0
602,1958-10-19,1958-10-19,0
603,1958-10-19,1958-10-19,0
604,1958-10-19,1958-10-19,0
605,1958-10-19,1958-10-19,0
606,1956-07-01,1957-01-13,0
607,1955-05-22,1957-01-13,0
608,1955-01-16,1957-01-13,0
609,1951-07-01,1957-09-08,0
610,1956-09-02,1957-07-20,0
611,1950-05-30,1957-05-30,0
612,1951-05-30,1957-05-30,0
613,1953-05-30,1957-05-30,0
614,1957-05-30,1957-05-30,0
615,1950-05-30,1957-05-30,0
616,1957-05-30,1957-05-30,0
617,1957-07-07,1957-07-07,0
618,1957-07-07,1957-07-07,0
619,1950-05-13,1957-07-20,0
620,1953-09-13,1957-08-04,0
621,1957-08-04,1957-08-04,0
622,1951-09-16,1956-01-22,0
623,1955-01-16,1956-01-22,0
624,1955-06-19,1956-09-02,0
625,1952-09-07,1956-05-13,0
626,1950-05-21,1956-09-02,0
627,1950-05-13,1956-08-05,0
628,1952-05-30,1956-05-30,0
629,1951-05-30,1956-05-30,0
630,1950-05-30,1956-05-30,0
631,1955-05-30,1956-05-30,0
632,1952-06-22,1956-06-03,0
633,1950-05-21,1956-09-02,0
634,1956-06-03,1956-06-03,0
635,1956-07-01,1956-07-01,0
636,1956-07-14,1956-07-14,0
637,1956-07-14,1956-07-14,0
638,1954-10-24,1957-09-08,0
639,1956-08-05,1956-08-05,0
640,1950-05-13,1956-09-02,0
641,1950-09-03,1956-09-02,0
642,1950-05-13,1955-09-11,0
643,1953-06-07,1955-09-11,0
644,1953-09-13,1955-01-16,0
645,1954-07-17,1955-01-16,0
646,1955-01-16,1955-01-16,0
647,1950-05-21,1955-05-22,0
648,1954-07-04,1955-09-11,0
649,1953-01-18,1955-01-16,0
650,1954-07-04,1955-09-11,0
651,1952-05-18,1955-07-16,0
652,1955-05-22,1955-05-22,0
653,1950-05-30,1955-05-30,0
654,1950-05-30,1955-05-30,0
655,1953-05-30,1955-05-30,0
656,1952-05-30,1955-05-30,0
657,1951-05-30,1955-05-30,0
658,1950-05-30,1955-05-30,0
659,1950-05-30,1955-05-30,0
660,1950-05-13,1955-06-19,0
661,1950-05-13,1955-07-16,0
662,1955-07-16,1955-07-16,0
663,1952-05-18,1955-09-11,0
664,1952-07-19,1955-07-16,0
665,1954-07-17,1955-07-16,0
666,1950-05-13,1955-07-16,0
667,1953-09-13,1955-09-11,0
668,1955-09-11,1955-09-11,0
669,1950-05-13,1954-10-24,0
670,1951-07-01,1954-08-01,0
671,1954-01-17,1954-01-17,0
672,1954-01-17,1954-09-05,0
673,1951-05-30,1954-05-31,0
674,1954-05-31,1954-05-31,0
675,1951-05-30,1954-05-31,0
676,1954-05-31,1954-05-31,0
677,1950-05-30,1954-05-31,0
678,1954-05-31,1954-05-31,0
679,1953-05-30,1954-05-31,0
680,1951-07-29,1954-10-24,0
681,1953-06-21,1954-07-04,0
682,1954-07-17,1954-07-17,0
683,1954-07-17,1954-07-17,0
684,1954-07-17,1954-07-17,0
685,1954-07-17,1954-07-17,0
686,1950-05-13,1954-07-17,0
687,1950-05-21,1954-07-17,0
688,1952-05-18,1954-07-17,0
689,1952-05-18,1954-07-17,0
690,1953-08-02,1954-07-17,0
691,1953-08-23,1954-08-01,0
692,1952-08-03,1954-08-01,0
693,1953-06-21,1954-09-05,0
694,1954-09-05,1954-09-05,0
695,1953-01-18,1953-01-18,0
696,1953-01-18,1953-01-18,0
697,1950-06-04,1953-09-13,0
698,1953-01-18,1953-01-18,0
699,1951-05-30,1953-05-30,0
700,1951-05-30,1953-05-30,0
701,1950-05-30,1953-05-30,0
702,1952-05-30,1954-05-31,0
703,1952-06-22,1953-06-21,0
704,1950-05-13,1953-09-13,0
705,1952-07-19,1953-07-18,0
706,1953-07-18,1953-07-18,0
707,1953-07-18,1953-07-18,0
708,1951-07-14,1953-07-18,0
709,1952-08-03,1953-08-02,0
710,1952-08-03,1953-08-02,0
711,1953-08-02,1953-08-02,0
712,1952-08-03,1953-08-02,0
713,1953-08-02,1953-08-02,0
714,1953-08-02,1953-08-02,0
715,1952-08-03,1953-08-02,0
716,1953-08-02,1953-08-02,0
717,1952-05-18,1953-09-13,0
718,1953-08-02,1953-08-02,0
719,1953-08-23,1953-08-23,0
720,1952-05-18,1953-08-23,0
721,1951-05-27,1953-08-23,0
722,1952-07-06,1953-09-13,0
723,1951-05-27,1952-09-07,0
724,1952-05-18,1952-08-03,0
725,1951-05-27,1952-05-18,0
726,1950-05-30,1952-05-30,0
727,1952-05-30,1952-05-30,0
728,1951-05-30,1952-05-30,0
729,1950-05-30,1952-05-30,0
730,1952-05-30,1954-05-31,0
731,1950-05-30,1952-05-30,0
732,1950-05-30,1952-05-30,0
733,1951-05-30,1952-05-30,0
734,1951-05-30,1952-05-30,0
735,1952-06-22,1952-09-07,0
736,1952-06-22,1952-08-03,0
737,1952-06-22,1952-06-22,0
738,1952-06-22,1952-09-07,0
739,1952-06-22,1952-06-22,0
740,1950-09-03,1952-07-06,0
741,1950-05-13,1952-07-06,0
742,1952-07-19,1952-09-07,0
743,1952-07-19,1952-07-19,0
744,1952-07-19,1952-08-17,0
745,1952-07-19,1952-07-19,0
746,1952-07-19,1952-09-07,0
747,1950-05-13,1952-07-19,0
748,1952-07-19,1952-09-07,0
749,1952-07-19,1952-09-07,0
750,1952-08-03,1952-08-03,0
751,1952-08-03,1952-08-03,0
752,1952-08-03,1952-08-03,0
753,1952-08-03,1952-08-03,0
754,1952-08-03,1952-08-03,0
755,1952-08-03,1952-08-03,0
756,1950-09-03,1952-08-03,0
757,1952-08-03,1952-08-03,0
758,1952-08-17,1952-08-17,0
759,1952-08-17,1952-08-17,0
760,1952-09-07,1952-09-07,0
761,1952-09-07,1952-09-07,0
762,1950-05-21,1952-09-07,0
763,1950-09-03,1951-07-14,0
764,1950-09-03,1951-07-01,0
765,1950-09-03,1951-05-27,0
766,1950-05-30,1951-05-30,0
767,1951-05-30,1951-05-30,0
768,1950-05-30,1951-05-30,0
769,1951-05-30,1951-05-30,0
770,1950-05-30,1951-05-30,0
771,1950-05-30,1951-05-30,0
772,1950-05-30,1951-05-30,0
773,1950-06-18,1951-09-16,0
774,1950-06-18,1951-07-01,0
775,1951-07-01,1951-07-01,0
776,1950-05-13,1951-07-14,0
777,1951-07-14,1951-07-14,0
778,1950-05-13,1951-07-14,0
779,1951-07-14,1951-07-14,0
780,1950-06-04,1951-07-29,0
781,1951-09-16,1951-09-16,0
782,1951-10-28,1951-10-28,0
783,1951-10-28,1951-10-28,0
784,1950-05-13,1950-07-02,0
785,1950-05-13,1950-06-18,0
786,1950-05-13,1951-07-01,0
787,1950-05-13,1950-09-03,0
788,1950-05-13,1950-05-13,0
789,1950-05-13,1950-06-04,0
790,1950-05-13,1950-05-13,0
791,1950-09-03,1950-09-03,0
792,1950-05-21,1950-05-21,0
793,1950-05-21,1950-09-03,0
794,1950-05-30,1950-05-30,0
795,1950-05-30,1950-05-30,0
796,1950-05-30,1950-05-30,0
797,1950-05-30,1953-05-30,0
798,1950-05-30,1950-05-30,0
799,1950-05-30,1954-05-31,0
800,1950-06-04,1950-06-04,0
801,1950-07-02,1950-07-02,0
802,1950-09-03,1950-09-03,0
803,1950-05-30,1950-05-30,0
804,1953-05-30,1953-05-30,0
805,1954-05-31,1954-05-31,0
806,1956-01-22,1956-01-22,0
807,2010-03-14,2018-09-16,0
808,2010-03-14,2012-11-25,0
810,2010-03-14,2010-11-14,0
811,2010-03-14,2012-11-25,0
812,2010-03-14,2011-07-24,0
813,2011-03-27,2015-11-29,0
814,2011-03-27,2017-07-30,0
815,2011-03-27,2018-09-16,0
816,2011-03-27,2012-09-09,0
817,2011-07-10,2018-09-16,0
818,2012-03-18,2014-11-23,0
819,2012-03-18,2013-11-24,0
820,2013-03-17,2014-10-12,0
821,2013-03-17,2016-11-27,0
822,2013-03-17,2018-09-16,0
823,2013-03-17,2013-11-24,0
824,2013-03-17,2014-10-05,0
825,2014-03-16,2018-09-16,0
826,2014-03-16,2017-10-22,0
827,2014-08-24,2014-08-24,0
828,2014-03-16,2018-09-16,0
829,2014-11-23,2015-11-29,0
830,2015-03-15,2018-09-16,0
831,2015-03-15,2016-11-27,0
832,2015-03-15,2018-09-16,0
833,2015-03-29,2015-11-29,0
834,2015-09-20,2015-11-15,0
835,2016-03-20,2017-10-08,0
836,2016-03-20,2017-11-26,0
837,2016-03-20,2016-07-31,0
838,2016-04-03,2018-09-16,0
839,2016-08-28,2018-09-16,0
840,2017-03-26,2018-09-16,0
841,2017-03-26,2017-04-09,0
843,2017-10-22,2018-09-16,0
844,2018-03-25,2018-09-16,0
845,2018-03-25,2018-09-16,0
